File Path,File Size (Bytes)
C:\Users\user\OneDrive - Datagrokr Analytics Private Limited\Repo\cse-material\Notes\DSA\Hash Tables.md,33
C:\Users\user\OneDrive - Datagrokr Analytics Private Limited\Repo\cse-material\Notes\DSA\Index.md,177
C:\Users\user\OneDrive - Datagrokr Analytics Private Limited\Repo\cse-material\Notes\DSA\Maps.md,0
C:\Users\user\OneDrive - Datagrokr Analytics Private Limited\Repo\cse-material\Notes\DSA\Math.md,44
C:\Users\user\OneDrive - Datagrokr Analytics Private Limited\Repo\cse-material\Notes\DSA\Queues.md,31
C:\Users\user\OneDrive - Datagrokr Analytics Private Limited\Repo\cse-material\Notes\DSA\Recursion.md,72
C:\Users\user\OneDrive - Datagrokr Analytics Private Limited\Repo\cse-material\Notes\DSA\Sets.md,0
C:\Users\user\OneDrive - Datagrokr Analytics Private Limited\Repo\cse-material\Notes\DSA\Stacks.md,28
C:\Users\user\OneDrive - Datagrokr Analytics Private Limited\Repo\cse-material\Notes\DSA\Trees.md,135
C:\Users\user\OneDrive - Datagrokr Analytics Private Limited\Repo\cse-material\Notes\DSA\Arrays\Arrays.md,147
C:\Users\user\OneDrive - Datagrokr Analytics Private Limited\Repo\cse-material\Notes\DSA\Arrays\Two Pointers.md,98
C:\Users\user\OneDrive - Datagrokr Analytics Private Limited\Repo\cse-material\Notes\DSA\Arrays\Merging\Merging Sorted Arrays.md,3170
C:\Users\user\OneDrive - Datagrokr Analytics Private Limited\Repo\cse-material\Notes\DSA\Arrays\Merging\Merging.md,62
C:\Users\user\OneDrive - Datagrokr Analytics Private Limited\Repo\cse-material\Notes\DSA\Arrays\Searching\Binary Search.md,2934
C:\Users\user\OneDrive - Datagrokr Analytics Private Limited\Repo\cse-material\Notes\DSA\Arrays\Searching\Linear Search.md,850
C:\Users\user\OneDrive - Datagrokr Analytics Private Limited\Repo\cse-material\Notes\DSA\Arrays\Searching\Searching.md,55
C:\Users\user\OneDrive - Datagrokr Analytics Private Limited\Repo\cse-material\Notes\DSA\Arrays\Sorting\Bubble Sort.md,1684
C:\Users\user\OneDrive - Datagrokr Analytics Private Limited\Repo\cse-material\Notes\DSA\Arrays\Sorting\Insertion Sort.md,1776
C:\Users\user\OneDrive - Datagrokr Analytics Private Limited\Repo\cse-material\Notes\DSA\Arrays\Sorting\Merge Sort.md,2491
C:\Users\user\OneDrive - Datagrokr Analytics Private Limited\Repo\cse-material\Notes\DSA\Arrays\Sorting\Quick Sort.md,2702
C:\Users\user\OneDrive - Datagrokr Analytics Private Limited\Repo\cse-material\Notes\DSA\Arrays\Sorting\Selection Sort.md,2139
C:\Users\user\OneDrive - Datagrokr Analytics Private Limited\Repo\cse-material\Notes\DSA\Arrays\Sorting\Sorting.md,172
C:\Users\user\OneDrive - Datagrokr Analytics Private Limited\Repo\cse-material\Notes\DSA\Arrays\Strings\Strings.md,0
C:\Users\user\OneDrive - Datagrokr Analytics Private Limited\Repo\cse-material\Notes\DSA\CLRS\Foundations.md,5128
C:\Users\user\OneDrive - Datagrokr Analytics Private Limited\Repo\cse-material\Notes\DSA\Dynamic Programming\0-1 Knapsack.md,1623
C:\Users\user\OneDrive - Datagrokr Analytics Private Limited\Repo\cse-material\Notes\DSA\Dynamic Programming\Dynamic Programming.md,62
C:\Users\user\OneDrive - Datagrokr Analytics Private Limited\Repo\cse-material\Notes\DSA\Graphs\BFS.md,76
C:\Users\user\OneDrive - Datagrokr Analytics Private Limited\Repo\cse-material\Notes\DSA\Graphs\DFS (Adjacency List).md,951
C:\Users\user\OneDrive - Datagrokr Analytics Private Limited\Repo\cse-material\Notes\DSA\Graphs\DFS (Matrix).md,1526
C:\Users\user\OneDrive - Datagrokr Analytics Private Limited\Repo\cse-material\Notes\DSA\Graphs\DFS.md,76
C:\Users\user\OneDrive - Datagrokr Analytics Private Limited\Repo\cse-material\Notes\DSA\Graphs\Graphs.md,118
C:\Users\user\OneDrive - Datagrokr Analytics Private Limited\Repo\cse-material\Notes\DSA\Linked Lists\Circular LL.md,0
C:\Users\user\OneDrive - Datagrokr Analytics Private Limited\Repo\cse-material\Notes\DSA\Linked Lists\Deletion at a given position of Circular LL.md,0
C:\Users\user\OneDrive - Datagrokr Analytics Private Limited\Repo\cse-material\Notes\DSA\Linked Lists\Deletion at beginning of Circular LL.md,0
C:\Users\user\OneDrive - Datagrokr Analytics Private Limited\Repo\cse-material\Notes\DSA\Linked Lists\Deletion in Circular LL.md,0
C:\Users\user\OneDrive - Datagrokr Analytics Private Limited\Repo\cse-material\Notes\DSA\Linked Lists\Deletion in Doubly LL.md,0
C:\Users\user\OneDrive - Datagrokr Analytics Private Limited\Repo\cse-material\Notes\DSA\Linked Lists\Deletion in Singly LL.md,0
C:\Users\user\OneDrive - Datagrokr Analytics Private Limited\Repo\cse-material\Notes\DSA\Linked Lists\Doubly LL.md,0
C:\Users\user\OneDrive - Datagrokr Analytics Private Limited\Repo\cse-material\Notes\DSA\Linked Lists\Grounded LL.md,0
C:\Users\user\OneDrive - Datagrokr Analytics Private Limited\Repo\cse-material\Notes\DSA\Linked Lists\Insertion at a end of DLL.md,0
C:\Users\user\OneDrive - Datagrokr Analytics Private Limited\Repo\cse-material\Notes\DSA\Linked Lists\Insertion at a given position in Circular LL.md,2369
C:\Users\user\OneDrive - Datagrokr Analytics Private Limited\Repo\cse-material\Notes\DSA\Linked Lists\Insertion at a given position in DLL.md,0
C:\Users\user\OneDrive - Datagrokr Analytics Private Limited\Repo\cse-material\Notes\DSA\Linked Lists\Insertion at beginning of Circular LL.md,0
C:\Users\user\OneDrive - Datagrokr Analytics Private Limited\Repo\cse-material\Notes\DSA\Linked Lists\Insertion at beginning of DLL.md,816
C:\Users\user\OneDrive - Datagrokr Analytics Private Limited\Repo\cse-material\Notes\DSA\Linked Lists\Insertion in Circular LL.md,0
C:\Users\user\OneDrive - Datagrokr Analytics Private Limited\Repo\cse-material\Notes\DSA\Linked Lists\Insertion in DLL.md,0
C:\Users\user\OneDrive - Datagrokr Analytics Private Limited\Repo\cse-material\Notes\DSA\Linked Lists\Insertion in Singly LL.md,0
C:\Users\user\OneDrive - Datagrokr Analytics Private Limited\Repo\cse-material\Notes\DSA\Linked Lists\Introduction to Linked List.md,0
C:\Users\user\OneDrive - Datagrokr Analytics Private Limited\Repo\cse-material\Notes\DSA\Linked Lists\Linked Lists.md,682
C:\Users\user\OneDrive - Datagrokr Analytics Private Limited\Repo\cse-material\Notes\DSA\Linked Lists\Traversal of Circular LL.md,0
C:\Users\user\OneDrive - Datagrokr Analytics Private Limited\Repo\cse-material\Notes\DSA\Linked Lists\Traversal of DLL.md,0
C:\Users\user\OneDrive - Datagrokr Analytics Private Limited\Repo\cse-material\Notes\DSA\Linked Lists\Traversal of Doubly LL.md,432
C:\Users\user\OneDrive - Datagrokr Analytics Private Limited\Repo\cse-material\Notes\DSA\Linked Lists\Traversal of Singly LL.md,0
