File Path,Size (Bytes),Timestamp
Questions/DFS of Graph,0.0,
Questions/Flood Fill,0.0,
Questions/GCD,0.0,
Questions/Gray Code,0.0,
Questions/Leetcode/Balanced Binary Tree,0.0,
Questions/Leetcode/Binary Tree Maximum Path Sum,0.0,
Questions/Leetcode/Combination Sum III,0.0,
Questions/Leetcode/Count Digits,0.0,
Questions/Leetcode/Diameter of Binary Tree,0.0,
Questions/Leetcode/Intersection of Two Linked Lists,0.0,
Questions/Leetcode/Invert Binary Tree,0.0,
Questions/Leetcode/LRU Cache,0.0,
Questions/Leetcode/Largest Odd Number in String,0.0,
Questions/Leetcode/Letter Combinations of a Phone Number,0.0,
Questions/Leetcode/Maximum Depth of Binary Tree,0.0,
Questions/Leetcode/Move Zeroes,0.0,
Questions/Leetcode/N-Queens,0.0,
Questions/Leetcode/Odd Even Linked List,0.0,
Questions/Leetcode/Palindrome Number,0.0,
Questions/Leetcode/Palindrome Partitioning,0.0,
Questions/Leetcode/Rat in a Maze,0.0,
Questions/Leetcode/Same Tree,0.0,
Questions/Leetcode/Sort Array by Increasing Frequency,0.0,
Questions/Leetcode/Sudoku Solver,0.0,
Questions/Leetcode/Vertical Order Traversal of a Binary Tree,0.0,
Questions/Maximal Rectangle,0.0,
Questions/Minimum Window Substring,0.0,
Questions/Misc/Tower of Hanoi,0.0,
Questions/Number of Provinces,0.0,
Questions/Print Adjacency List,0.0,
Questions/Reverse Integer,0.0,
Questions/Rotting Oranges,0.0,
Questions/Top View of Binary Tree,0.0,
Questions/celebrity problem,0.0,
Questions/Two Sets,14.0,
Questions/Counting Bits,51.0,
Questions/Misc/Armstrong Number,289.0,
Questions/Count the number of subarrays with given xor K,331.0,
Questions/Subarray Sum Equals K,359.0,
Questions/Leetcode/Merge Intervals,372.0,
Questions/Maximum Product Subarray,386.0,
Questions/Floor in Sorted Array,402.0,
Questions/Misc/Longest Subarray with Sum K,416.0,
Questions/Leaders in an Array,423.0,
Questions/Sort Colors,424.0,
Questions/Majority Element,430.0,
Questions/Leetcode/Meeting Rooms II,480.0,
Questions/Longest Subarray with Sum 0,492.0,
Questions/Rearrange Array Elements by Sign,493.0,
Questions/Leetcode/Permutations,507.0,
Questions/Find Peak Element,645.0,
Questions/Next Permutation,663.0,
Questions/Misc/Reverse the Array,664.0,
Questions/Search In Rotated Sorted Array I,671.0,
Questions/Single Element in a Sorted Array,694.0,
Questions/Permutations of a string,710.0,
Questions/Sort a Stack,767.0,
Questions/Leetcode/Squares of a Sorted Array,793.0,
Questions/Search In Rotated Sorted Array II,822.0,
Questions/Leetcode/Counting Digits of a Number,880.0,
Questions/Find Missing and Repeating in an Array,892.0,
Questions/Set Matrix Zeroes,924.0,
Questions/All Possible Full Binary Trees,928.0,
Questions/Majority Element II,1000.0,
Questions/Find First and Last Position of Element in Sorted Array,1010.0,
Questions/Leetcode/Jump Game,1059.0,
Questions/Leetcode/Group Anagrams,1076.0,
Questions/Misc/Sum of Max and Min,1078.0,
Questions/Leetcode/Rotate String,1108.0,
Questions/Coin Change,1136.0,
Questions/Neetcode 150,1197.0,
Questions/Leetcode/Range Sum Query - Immutable,1252.0,
Questions/4Sum,1256.0,
Questions/Leetcode/Rotate Image,1276.0,
Questions/Count Inversions,1303.0,
Questions/Leetcode/Two Sum,1364.0,
Questions/Leetcode/Valid Anagram,1392.0,
Questions/Leetcode/Maximum Subarray (Sum),1401.0,
Questions/Letter Case Permutation,1412.0,
Questions/Leetcode/Search in a Binary Search Tree,1414.0,
Questions/Maximum Node Level,1414.0,
Questions/Leetcode/database/Reshape Data Pivot,1432.0,
Questions/Misc/Count Digits,1483.0,
Questions/Leetcode/Best Time to Buy and Sell Stock II,1545.0,
Questions/Leetcode/Trapping Rain Water,1555.0,
Questions/Leetcode/Generate Parentheses,1556.0,
Questions/Leetcode/Min Stack,1562.0,
"Questions/Leetcode/Pow(x,n)",1588.0,
Questions/Leetcode/Balance a Binary Search Tree,1661.0,
Questions/Reverse Pairs,1680.0,
Questions/Leetcode/Longest Substring Without Repeating Characters,1697.0,
Questions/Leetcode/H-index,1718.0,
Questions/Leetcode/Search a 2D Matrix,1727.0,
Questions/Leetcode/Jump Game II,1769.0,
Questions/Leetcode/Best Time to Buy and Sell Stock,1799.0,
Questions/Leetcode/Longest Consecutive Sequence,1802.0,
Questions/Leetcode/Permutation in String,1871.0,
Questions/Leetcode/Valid Parentheses,1900.0,
Questions/Misc/Find pairs with given sum in doubly linked list,1908.0,
Questions/Leetcode/Koko Eating Bananas,1927.0,
Questions/Leetcode/Climbing Stairs,1936.0,
Questions/Leetcode/Largest Rectangle in Histogram,1946.0,
Questions/Leetcode/Find Minimum In Rotated Sorted Array,1949.0,
Questions/Leetcode/Merge Sorted Array,1949.0,
Questions/Leetcode/Contains Duplicate,1968.0,
Questions/Leetcode/Container with Most Water,1975.0,
Questions/Combinations,1986.0,
Questions/Leetcode/Spiral Matrix,2055.0,
Questions/Leetcode/Two Sum II - Input Array Is Sorted,2086.0,
Questions/Leetcode/Missing Number,2098.0,
Questions/Leetcode/Valid Palindrome,2157.0,
Questions/Leetcode/Daily Temperatures,2216.0,
Questions/Leetcode/Add Two numbers,2228.0,
Questions/Leetcode/Combination Sum,2251.0,
Questions/Leetcode/Encode and Decode Strings,2260.0,
Questions/Leetcode/Binary Tree Right Side View,2279.0,
Questions/Leetcode/Longest Repeating Character Replacement,2327.0,
Questions/Leetcode/Minimum Time Visiting All Points,2362.0,
Questions/Leetcode/Subsets,2436.0,
Questions/Sliding Window Maximum,2439.0,
Questions/Leetcode/Top K Frequent Elements,2519.0,
Questions/Leetcode/Product of array except self,2560.0,
Questions/Bottom View of Binary Tree,2572.0,
Questions/Leetcode/Number of Islands,2920.0,
Questions/Leetcode/Merge Two Sorted Lists,2993.0,
Questions/Leetcode/Meeting Rooms,3005.0,
Questions/Leetcode/Car Fleet,3047.0,
Questions/Leetcode/Valid Sudoku,3284.0,
Questions/Leetcode/Evaluate Reverse Polish Notation,3319.0,
Questions/Leetcode/3Sum,3939.0,
Questions/Leetcode/Word Search,5591.0,
,,2025-08-21 14:29:18
