,File Path,File Size (Bytes)
0,C:\Users\user\OneDrive - Datagrokr Analytics Private Limited\Repo\cse-material\Notes\DSA\Maps.md,0
1,C:\Users\user\OneDrive - Datagrokr Analytics Private Limited\Repo\cse-material\Notes\DSA\Sets.md,0
2,C:\Users\user\OneDrive - Datagrokr Analytics Private Limited\Repo\cse-material\Notes\DSA\Arrays\Strings\Strings.md,0
3,C:\Users\user\OneDrive - Datagrokr Analytics Private Limited\Repo\cse-material\Notes\DSA\Linked Lists\Circular LL.md,0
4,C:\Users\user\OneDrive - Datagrokr Analytics Private Limited\Repo\cse-material\Notes\DSA\Linked Lists\Deletion at a given position of Circular LL.md,0
5,C:\Users\user\OneDrive - Datagrokr Analytics Private Limited\Repo\cse-material\Notes\DSA\Linked Lists\Deletion at beginning of Circular LL.md,0
6,C:\Users\user\OneDrive - Datagrokr Analytics Private Limited\Repo\cse-material\Notes\DSA\Linked Lists\Deletion in Circular LL.md,0
7,C:\Users\user\OneDrive - Datagrokr Analytics Private Limited\Repo\cse-material\Notes\DSA\Linked Lists\Deletion in Doubly LL.md,0
8,C:\Users\user\OneDrive - Datagrokr Analytics Private Limited\Repo\cse-material\Notes\DSA\Linked Lists\Deletion in Singly LL.md,0
9,C:\Users\user\OneDrive - Datagrokr Analytics Private Limited\Repo\cse-material\Notes\DSA\Linked Lists\Doubly LL.md,0
10,C:\Users\user\OneDrive - Datagrokr Analytics Private Limited\Repo\cse-material\Notes\DSA\Linked Lists\Grounded LL.md,0
11,C:\Users\user\OneDrive - Datagrokr Analytics Private Limited\Repo\cse-material\Notes\DSA\Linked Lists\Insertion at a end of DLL.md,0
12,C:\Users\user\OneDrive - Datagrokr Analytics Private Limited\Repo\cse-material\Notes\DSA\Linked Lists\Insertion at a given position in DLL.md,0
13,C:\Users\user\OneDrive - Datagrokr Analytics Private Limited\Repo\cse-material\Notes\DSA\Linked Lists\Insertion at beginning of Circular LL.md,0
14,C:\Users\user\OneDrive - Datagrokr Analytics Private Limited\Repo\cse-material\Notes\DSA\Linked Lists\Insertion in Circular LL.md,0
15,C:\Users\user\OneDrive - Datagrokr Analytics Private Limited\Repo\cse-material\Notes\DSA\Linked Lists\Insertion in DLL.md,0
16,C:\Users\user\OneDrive - Datagrokr Analytics Private Limited\Repo\cse-material\Notes\DSA\Linked Lists\Insertion in Singly LL.md,0
17,C:\Users\user\OneDrive - Datagrokr Analytics Private Limited\Repo\cse-material\Notes\DSA\Linked Lists\Introduction to Linked List.md,0
18,C:\Users\user\OneDrive - Datagrokr Analytics Private Limited\Repo\cse-material\Notes\DSA\Linked Lists\Traversal of Circular LL.md,0
19,C:\Users\user\OneDrive - Datagrokr Analytics Private Limited\Repo\cse-material\Notes\DSA\Linked Lists\Traversal of DLL.md,0
20,C:\Users\user\OneDrive - Datagrokr Analytics Private Limited\Repo\cse-material\Notes\DSA\Linked Lists\Traversal of Singly LL.md,0
